Entity,Code,Year,Total alcohol consumption per capita,"GDP per capita, PPP",Population,Continent
Afghanistan,AFG,2010.0,0.21,1957.02906990812,29185511.0,
Afghanistan,AFG,2015.0,0.21,2068.26590413364,34413603.0,Asia
Afghanistan,AFG,2018.0,0.21,2033.80438893717,37171922.0,
Africa Eastern and Southern,,2000.0,5.01405101620239,2654.76790045922,,
Africa Eastern and Southern,,2005.0,4.85658757955692,2901.69026290011,,
Africa Eastern and Southern,,2010.0,5.41711484465685,3273.44736967583,,
Africa Eastern and Southern,,2015.0,5.20056532810539,3549.48056329573,,
Africa Eastern and Southern,,2018.0,5.17091073003006,3579.27191657852,,
Africa Western and Central,,2000.0,8.09247351428025,2676.80640762878,,
Africa Western and Central,,2005.0,7.81397214441222,3254.02283869136,,
Africa Western and Central,,2010.0,7.49486405295652,3773.01146069906,,
Africa Western and Central,,2015.0,6.86946773276474,4202.05792297522,,
Africa Western and Central,,2018.0,6.83526606216979,4115.2358007738,,
Albania,ALB,2000.0,6.57,5893.13623256329,3129246.0,
Albania,ALB,2005.0,7.65,8040.87871678112,3086810.0,
Albania,ALB,2010.0,7.69,10749.4874481658,2948029.0,
Albania,ALB,2015.0,6.74,11878.4880933446,2890524.0,Europe
Albania,ALB,2018.0,7.17,13323.7533559132,2882735.0,
Algeria,DZA,2000.0,0.58,8710.45514928455,31042238.0,
Algeria,DZA,2005.0,0.81,10504.8584676293,33149720.0,
Algeria,DZA,2010.0,0.65,10970.7063686682,35977451.0,
Algeria,DZA,2015.0,0.93,11696.9652290603,39728020.0,Africa
Algeria,DZA,2018.0,0.95,11642.1983450506,42228415.0,
Angola,AGO,2000.0,2.76,4727.96631394756,16395476.0,
Angola,AGO,2005.0,4.89,6210.2221878264,19433604.0,
Angola,AGO,2010.0,8.16,7692.43428623311,23356247.0,
Angola,AGO,2015.0,7.96,8036.41089824639,27884380.0,Africa
Angola,AGO,2018.0,6.94,6933.49993413352,30809787.0,
Antigua and Barbuda,ATG,2000.0,5.13,18313.3497055005,76007.0,
Antigua and Barbuda,ATG,2005.0,5.37,19683.5410828179,81462.0,
Antigua and Barbuda,ATG,2010.0,5.6,18205.7385326292,88030.0,
Antigua and Barbuda,ATG,2015.0,5.89,18594.2616238259,93571.0,North America
Antigua and Barbuda,ATG,2018.0,6.38,21030.3950717884,96282.0,
Arab World,,2000.0,0.672858248998622,10994.0890907165,,
Arab World,,2005.0,0.648096046363296,12083.4295343917,,
Arab World,,2010.0,0.64622786021936,13275.3204053535,,
Arab World,,2015.0,0.62749978317945,14411.2623782103,,
Arab World,,2018.0,0.618598081987902,14608.9742464222,,
Argentina,ARG,2000.0,8.75,18625.2835537811,36870796.0,
Argentina,ARG,2005.0,8.66,19426.4401434847,38892924.0,
Argentina,ARG,2010.0,9.09,23521.2701750961,40895751.0,
Argentina,ARG,2015.0,9.55,23933.8866120953,43075416.0,South America
Argentina,ARG,2018.0,9.65,22759.3985583341,44361150.0,
Armenia,ARM,2000.0,4.23,4048.24990407114,3069597.0,
Armenia,ARM,2005.0,5.79,7419.87119017403,2981262.0,
Armenia,ARM,2010.0,5.69,9286.19732701296,2877314.0,
Armenia,ARM,2015.0,5.84,11321.3325403745,2925559.0,Asia
Armenia,ARM,2018.0,5.55,12715.1089539751,2951741.0,
Australia,AUS,2000.0,11.72,38343.002147534,18991434.0,
Australia,AUS,2005.0,12.08,42217.136349705,20178543.0,
Australia,AUS,2010.0,12.39,44991.7837148741,22154687.0,
Australia,AUS,2015.0,10.83,47636.319641906,23932499.0,Oceania
Australia,AUS,2018.0,10.51,49151.6887104846,24898153.0,
Austria,AUT,2000.0,13.12,46403.2776992589,8069276.0,
Austria,AUT,2005.0,12.79,49316.2647023136,8253656.0,
Austria,AUT,2010.0,12.2,51769.1455641151,8409945.0,
Austria,AUT,2015.0,12.07,52798.0994607541,8678667.0,Europe
Austria,AUT,2018.0,11.96,55297.6182880367,8891383.0,
Azerbaijan,AZE,2000.0,3.45,4063.47164104466,8122743.0,
Azerbaijan,AZE,2005.0,1.81,7222.03607503781,8538610.0,
Azerbaijan,AZE,2010.0,2.97,14312.7561158751,9032465.0,
Azerbaijan,AZE,2015.0,4.58,14853.9105525729,9622741.0,Asia
Azerbaijan,AZE,2018.0,4.41,14209.6494059309,9949537.0,
Bahamas,BHS,2000.0,5.58,40518.1795069369,298045.0,
Bahamas,BHS,2005.0,4.28,40353.9751920068,324848.0,
Bahamas,BHS,2010.0,4.12,36504.4070465871,354936.0,
Bahamas,BHS,2015.0,4.55,35400.6494660106,374200.0,North America
Bahamas,BHS,2018.0,4.78,37019.9950489508,385635.0,
Bahrain,BHR,2000.0,1.74,49406.2910308378,664610.0,
Bahrain,BHR,2005.0,1.76,47493.1483991775,889157.0,
Bahrain,BHR,2010.0,1.69,44599.804972084,1240864.0,
Bahrain,BHR,2015.0,1.3,48110.7341930587,1371853.0,Asia
Bahrain,BHR,2018.0,1.09,46200.445580954,1569440.0,
Bangladesh,BGD,2000.0,0.23,1937.72919211467,127657862.0,
Bangladesh,BGD,2005.0,0.16,2279.53127370224,139035505.0,
Bangladesh,BGD,2010.0,0.16,2883.46679391309,147575433.0,
Bangladesh,BGD,2015.0,0.021,3700.11082057504,156256287.0,Asia
Bangladesh,BGD,2018.0,0.019,4440.85547046826,161376713.0,
Barbados,BRB,2000.0,7.11,15124.4362400335,271511.0,
Barbados,BRB,2005.0,7.4,15752.3601314013,276320.0,
Barbados,BRB,2010.0,7.95,15596.6168113309,282131.0,
Barbados,BRB,2015.0,9.33,15382.7656890531,285327.0,North America
Barbados,BRB,2018.0,9.69,15674.9043195592,286640.0,
Belarus,BLR,2000.0,15.17,8053.17363808324,9871635.0,
Belarus,BLR,2005.0,15.3,11940.1865961058,9562083.0,
Belarus,BLR,2010.0,17.43,17288.4043493433,9420576.0,
Belarus,BLR,2015.0,12.0,18307.5196678406,9439424.0,Europe
Belarus,BLR,2018.0,11.45,18885.2354999668,9452615.0,
Belgium,BEL,2000.0,12.49,43023.30716339,10282046.0,
Belgium,BEL,2005.0,13.13,46341.2896407062,10546885.0,
Belgium,BEL,2010.0,11.4,47971.6303134944,10938735.0,
Belgium,BEL,2015.0,11.82,49455.4413365318,11287931.0,Europe
Belgium,BEL,2018.0,11.08,51110.9584679336,11482180.0,
Belize,BLZ,2000.0,5.55,6599.3393519209,247310.0,
Belize,BLZ,2005.0,7.16,7363.87063594467,283798.0,
Belize,BLZ,2010.0,7.08,7294.68414297853,322465.0,
Belize,BLZ,2015.0,6.74,7358.58229184617,360926.0,North America
Belize,BLZ,2018.0,6.22,7261.87028738671,383071.0,
Benin,BEN,2000.0,2.46,2478.21823775079,6865946.0,
Benin,BEN,2005.0,2.23,2581.64225152969,7982223.0,
Benin,BEN,2010.0,2.47,2704.7054840378,9199254.0,
Benin,BEN,2015.0,2.97,2945.97022066349,10575962.0,Africa
Benin,BEN,2018.0,2.81,3160.7806702321,11485035.0,
Bhutan,BTN,2000.0,2.77,4061.4990262661,591014.0,
Bhutan,BTN,2005.0,1.6,5456.70774972036,648744.0,
Bhutan,BTN,2010.0,0.92,8190.57622279014,685502.0,
Bhutan,BTN,2015.0,0.42,10086.0727954667,727885.0,Asia
Bhutan,BTN,2018.0,0.43,11348.4419521,754396.0,
Bolivia,BOL,2000.0,3.44,5415.52605950999,8418270.0,
Bolivia,BOL,2005.0,4.37,5749.5316491022,9232301.0,
Bolivia,BOL,2010.0,5.56,6612.80335711566,10048597.0,
Bolivia,BOL,2015.0,4.64,7984.41198272424,10869732.0,South America
Bolivia,BOL,2018.0,4.43,8655.53149780443,11353140.0,
Bosnia and Herzegovina,BIH,2000.0,6.37,7114.5527648191,3751176.0,
Bosnia and Herzegovina,BIH,2005.0,7.2,9350.94404211336,3765332.0,
Bosnia and Herzegovina,BIH,2010.0,7.32,10938.2850480476,3705478.0,
Bosnia and Herzegovina,BIH,2015.0,6.92,12630.6623426277,3429362.0,Europe
Bosnia and Herzegovina,BIH,2018.0,7.15,14386.7318547663,3323929.0,
Botswana,BWA,2000.0,9.05,11439.908400073,1643333.0,
Botswana,BWA,2005.0,9.61,12484.2304348309,1799077.0,
Botswana,BWA,2010.0,8.62,14126.382270078,1987106.0,
Botswana,BWA,2015.0,6.86,16714.3978216526,2120716.0,Africa
Botswana,BWA,2018.0,6.59,17634.6561910867,2254067.0,
Brazil,BRA,2000.0,8.78,11600.9484568395,174790339.0,
Brazil,BRA,2005.0,8.32,12565.9413936417,186127108.0,
Brazil,BRA,2010.0,8.49,14873.2083173363,195713637.0,
Brazil,BRA,2015.0,7.86,15064.1760689478,204471759.0,South America
Brazil,BRA,2018.0,7.42,14668.2561636292,209469320.0,
Brunei,BRN,2000.0,0.23,69022.8801555068,333166.0,
Brunei,BRN,2005.0,0.21,69787.8222042953,365112.0,
Brunei,BRN,2010.0,0.51,67753.4217667143,388634.0,
Brunei,BRN,2015.0,0.46,63147.4834900843,414914.0,Asia
Brunei,BRN,2018.0,0.48,60389.1846472589,428960.0,
Bulgaria,BGR,2000.0,11.8,10201.2781187994,7997951.0,
Bulgaria,BGR,2005.0,11.42,14356.019677453,7686964.0,
Bulgaria,BGR,2010.0,11.32,17440.671883099,7425011.0,
Bulgaria,BGR,2015.0,12.34,19620.1539761978,7199739.0,Europe
Bulgaria,BGR,2018.0,12.65,22208.4522754771,7051610.0,
Burkina Faso,BFA,2000.0,8.4,1296.74796014307,11607951.0,
Burkina Faso,BFA,2005.0,9.19,1527.02215854176,13421935.0,
Burkina Faso,BFA,2010.0,8.58,1716.35832279765,15605211.0,
Burkina Faso,BFA,2015.0,11.83,1925.33207544524,18110616.0,Africa
Burkina Faso,BFA,2018.0,12.03,2120.33026783506,19751466.0,
Burundi,BDI,2000.0,9.82,828.000459963366,6378871.0,
Burundi,BDI,2005.0,8.44,798.704826964119,7364857.0,
Burundi,BDI,2010.0,7.66,846.169136789899,8675606.0,
Burundi,BDI,2015.0,7.03,825.20566069269,10160034.0,Africa
Burundi,BDI,2018.0,7.19,761.524125241416,11175379.0,
Cambodia,KHM,2000.0,1.87,1481.65682787052,12155241.0,
Cambodia,KHM,2005.0,2.69,2120.55171733923,13273355.0,
Cambodia,KHM,2010.0,4.91,2716.69973756029,14312205.0,
Cambodia,KHM,2015.0,6.37,3546.33938731031,15521435.0,Asia
Cambodia,KHM,2018.0,6.64,4159.33819437034,16249795.0,
Cameroon,CMR,2000.0,6.69,2750.51116534277,15513944.0,
Cameroon,CMR,2005.0,7.62,2982.02508108574,17733408.0,
Cameroon,CMR,2010.0,8.43,3086.2214744681,20341236.0,
Cameroon,CMR,2015.0,6.17,3458.69271277942,23298376.0,Africa
Cameroon,CMR,2018.0,5.65,3603.54827506808,25216261.0,
Canada,CAN,2010.0,10.1,44861.5239641879,34147566.0,
Canada,CAN,2015.0,8.88,47522.1406673151,36026668.0,North America
Canada,CAN,2018.0,8.94,48796.8137814007,37074558.0,
Cape Verde,CPV,2000.0,6.03,4065.47941350903,428178.0,
Cape Verde,CPV,2005.0,6.95,4964.79745990214,463034.0,
Cape Verde,CPV,2010.0,7.51,6200.3435365952,492644.0,
Cape Verde,CPV,2015.0,5.95,6266.88177858088,524740.0,Africa
Cape Verde,CPV,2018.0,5.6,6864.1852980816,543764.0,
Caribbean Small States,,2000.0,5.86224032058211,12775.5642137845,,
Caribbean Small States,,2005.0,5.75434989567961,14913.2045039114,,
Caribbean Small States,,2010.0,5.66081197052581,15864.3360894109,,
Caribbean Small States,,2015.0,5.85744802289462,16104.367027522,,
Caribbean Small States,,2018.0,5.79451265738271,15967.5733213725,,
Central African Republic,CAF,2000.0,3.68,1040.10383462572,3640421.0,
Central African Republic,CAF,2005.0,3.62,1026.91390767575,4038380.0,
Central African Republic,CAF,2010.0,3.98,1201.35219681679,4386765.0,
Central African Republic,CAF,2015.0,2.43,852.749236638592,4493171.0,Africa
Central African Republic,CAF,2018.0,2.38,933.10995060419,4666375.0,
Central Europe and the Baltics,,2000.0,12.6265003631479,16165.1094953999,,
Central Europe and the Baltics,,2005.0,12.8572741033308,20447.0790848049,,
Central Europe and the Baltics,,2010.0,12.2660122242158,24043.4438253133,,
Central Europe and the Baltics,,2015.0,11.992929261355,27440.9483279594,,
Central Europe and the Baltics,,2018.0,11.9320795816418,31289.68061987,,
Chad,TCD,2000.0,4.34,897.34703736949,8355654.0,
Chad,TCD,2005.0,4.62,1618.13661604613,10096630.0,
Chad,TCD,2010.0,6.58,1732.69158409284,11952134.0,
Chad,TCD,2015.0,1.45,1857.10786365964,14110971.0,Africa
Chad,TCD,2018.0,1.37,1576.32111465904,15477727.0,
Chile,CHL,2000.0,7.74,15638.0009435542,15342350.0,
Chile,CHL,2005.0,8.93,18634.626435638,16182713.0,
Chile,CHL,2010.0,9.31,21262.4669863019,17062531.0,
Chile,CHL,2015.0,9.26,24440.4152640857,17969356.0,South America
Chile,CHL,2018.0,9.07,25028.9099914542,18729166.0,
China,CHN,2000.0,3.81,3451.67923092858,1290550767.0,
China,CHN,2005.0,4.02,5334.6466393818,1330776380.0,
China,CHN,2010.0,7.07,8884.58803122605,1368810604.0,
China,CHN,2015.0,7.15,12691.8215526921,1406847868.0,Asia
China,CHN,2018.0,7.05,15242.9858575834,1427647789.0,
Colombia,COL,2000.0,5.58,9042.66279139813,39629965.0,
Colombia,COL,2005.0,5.41,10049.1261807666,42647731.0,
Colombia,COL,2010.0,5.04,11783.2999142858,45222699.0,
Colombia,COL,2015.0,5.78,14095.748356648,47520667.0,South America
Colombia,COL,2018.0,5.74,14314.8555765268,49661056.0,
Comoros,COM,2000.0,0.19,2833.59101577331,542358.0,
Comoros,COM,2005.0,0.44,2815.70212052365,611625.0,
Comoros,COM,2010.0,0.25,2878.26971036373,689696.0,
Comoros,COM,2015.0,0.88,2959.49809656739,777435.0,Africa
Comoros,COM,2018.0,0.69,3066.83784677933,832322.0,
Congo,COG,2000.0,3.45,4402.90145480416,3127420.0,
Congo,COG,2005.0,3.75,4638.19394755187,3622775.0,
Congo,COG,2010.0,6.17,5172.76090245052,4273738.0,
Congo,COG,2015.0,7.9,5227.93427667066,4856093.0,Africa
Congo,COG,2018.0,9.27,3933.425550952,5244363.0,
Costa Rica,CRI,2000.0,5.55,12624.0705682992,3962369.0,
Costa Rica,CRI,2005.0,5.42,14149.5192435305,4285504.0,
Costa Rica,CRI,2010.0,4.8,16830.4361782214,4577371.0,
Costa Rica,CRI,2015.0,4.76,19141.6830724515,4847805.0,North America
Costa Rica,CRI,2018.0,4.87,20559.8604252658,4999443.0,
Cote d'Ivoire,CIV,2000.0,7.25,4093.87478193688,16454660.0,
Cote d'Ivoire,CIV,2005.0,3.3,3670.1809218819,18354513.0,
Cote d'Ivoire,CIV,2010.0,2.53,3660.90384745152,20532944.0,
Cote d'Ivoire,CIV,2015.0,2.61,4417.15021465621,23226148.0,Africa
Cote d'Ivoire,CIV,2018.0,2.71,5033.47882607719,25069226.0,
Croatia,HRV,2000.0,12.45,18183.5881144119,4428075.0,
Croatia,HRV,2005.0,10.31,23538.7544252511,4378066.0,
Croatia,HRV,2010.0,10.08,24280.6026929712,4328163.0,
Croatia,HRV,2015.0,9.07,24562.453617545,4232874.0,Europe
Croatia,HRV,2018.0,9.23,27799.8433225132,4156407.0,
Cyprus,CYP,2000.0,10.86,33013.9825138552,943288.0,
Cyprus,CYP,2005.0,12.43,37803.5755253568,1027656.0,
Cyprus,CYP,2010.0,11.35,38379.0903965443,1112617.0,
Cyprus,CYP,2015.0,10.76,34472.2985065115,1160987.0,Europe
Cyprus,CYP,2018.0,10.81,39559.4879646749,1189262.0,
Czechia,CZE,2000.0,15.0,24976.5063182959,10289374.0,
Czechia,CZE,2005.0,14.76,30384.4466487841,10258165.0,
Czechia,CZE,2010.0,14.06,33483.137594809,10536514.0,
Czechia,CZE,2015.0,14.25,36168.4185553861,10601390.0,Europe
Czechia,CZE,2018.0,14.45,39932.992193117,10665679.0,
Democratic Republic of Congo,COD,2000.0,0.95,751.557756784938,47105830.0,
Democratic Republic of Congo,COD,2005.0,0.86,778.96804364136,54785894.0,
Democratic Republic of Congo,COD,2010.0,1.75,865.684040221023,64563853.0,
Democratic Republic of Congo,COD,2015.0,2.05,1065.24257721582,76244532.0,Africa
Democratic Republic of Congo,COD,2018.0,2.0,1085.89368770943,84068092.0,
Denmark,DNK,2000.0,12.67,48907.0114021027,5341192.0,
Denmark,DNK,2005.0,12.29,51483.273786293,5421701.0,
Denmark,DNK,2010.0,11.0,50825.4122929358,5554849.0,
Denmark,DNK,2015.0,10.36,52892.6460290247,5688695.0,Europe
Denmark,DNK,2018.0,10.26,56281.2888680368,5752131.0,
Djibouti,DJI,2015.0,0.49,4488.80265798112,913998.0,Africa
Djibouti,DJI,2018.0,0.43,5214.07218666426,958923.0,
Dominica,DMA,2000.0,8.38,9611.53337036947,69650.0,
Dominica,DMA,2005.0,8.72,10160.994408622,70580.0,
Dominica,DMA,2010.0,9.65,12003.7660822063,70877.0,
Dominica,DMA,2015.0,11.32,11873.7418376836,71175.0,North America
Dominica,DMA,2018.0,11.18,11537.0190725758,71626.0,
Dominican Republic,DOM,2000.0,7.19,9322.13919573249,8471317.0,
Dominican Republic,DOM,2005.0,6.15,10291.303222851,9097262.0,
Dominican Republic,DOM,2010.0,6.11,12782.4571724153,9695117.0,
Dominican Republic,DOM,2015.0,6.61,15328.3595089817,10281675.0,North America
Dominican Republic,DOM,2018.0,6.68,17711.7955337583,10627147.0,
Early-demographic dividend,,2000.0,2.51108606214714,5429.5394093302,,
Early-demographic dividend,,2005.0,2.52030538700454,6185.95703619467,,
Early-demographic dividend,,2010.0,3.45333507830292,7238.00693009766,,
Early-demographic dividend,,2015.0,3.90981086836428,8518.31158773067,,
Early-demographic dividend,,2018.0,3.89243616335572,9412.41073598527,,
East Asia & Pacific,,2000.0,4.09275505230215,7267.75319966458,,
East Asia & Pacific,,2005.0,4.18595030276972,9071.04177714323,,
East Asia & Pacific,,2010.0,6.26272649422025,11892.6920664612,,
East Asia & Pacific,,2015.0,6.472068347718,14971.1892835517,,
East Asia & Pacific,,2018.0,6.43073018939207,17056.6266498803,,
East Asia & Pacific (IDA & IBRD),,2000.0,3.42708953556614,4046.57225680263,,
East Asia & Pacific (IDA & IBRD),,2005.0,3.62756895152009,5716.92935041308,,
East Asia & Pacific (IDA & IBRD),,2010.0,6.05349161602864,8617.36282977423,,
East Asia & Pacific (IDA & IBRD),,2015.0,6.26217364405682,11747.6299566243,,
East Asia & Pacific (IDA & IBRD),,2018.0,6.22437469270483,13870.4805770203,,
East Asia & Pacific (excluding high income),,2000.0,3.4282779927544,4002.94264520882,,
East Asia & Pacific (excluding high income),,2005.0,3.62821832929903,5655.39465944882,,
East Asia & Pacific (excluding high income),,2010.0,6.02546296351373,8525.81813210624,,
East Asia & Pacific (excluding high income),,2015.0,6.23202231175478,11624.3875596259,,
East Asia & Pacific (excluding high income),,2018.0,6.1945057245146,13726.161241617,,
Ecuador,ECU,2000.0,5.96,8176.34444775576,12681123.0,
Ecuador,ECU,2005.0,5.81,9503.69468951352,13825839.0,
Ecuador,ECU,2010.0,6.16,10340.9702972165,15011114.0,
Ecuador,ECU,2015.0,4.98,11896.3751614302,16212022.0,South America
Ecuador,ECU,2018.0,4.2,11561.747853143,17084359.0,
Egypt,EGY,2000.0,0.25,7744.71523809311,68831561.0,
Egypt,EGY,2005.0,0.29,8397.03244402289,75523576.0,
Egypt,EGY,2010.0,0.36,10340.0732290684,82761244.0,
Egypt,EGY,2015.0,0.4,10570.4452319757,92442549.0,Africa
Egypt,EGY,2018.0,0.36,11366.3355206681,98423602.0,
El Salvador,SLV,2000.0,3.86,6548.6313703709,5887930.0,
El Salvador,SLV,2005.0,3.8,6870.62983910769,6052124.0,
El Salvador,SLV,2010.0,3.31,7328.71990965521,6183877.0,
El Salvador,SLV,2015.0,3.59,8143.22444194766,6325121.0,North America
El Salvador,SLV,2018.0,3.89,8614.01795915499,6420740.0,
Equatorial Guinea,GNQ,2000.0,7.45,11176.5189594963,606180.0,
Equatorial Guinea,GNQ,2005.0,8.91,32390.2074360136,749527.0,
Equatorial Guinea,GNQ,2010.0,9.2,34732.2191497036,943640.0,
Equatorial Guinea,GNQ,2015.0,9.08,28313.4331590396,1168575.0,Africa
Equatorial Guinea,GNQ,2018.0,7.23,20386.0138677131,1308966.0,
Estonia,EST,2000.0,9.57,17778.9655754809,1399111.0,
Estonia,EST,2005.0,15.65,26093.1591109829,1355650.0,
Estonia,EST,2010.0,12.39,26133.3818108942,1332103.0,
Estonia,EST,2015.0,12.39,31146.7545222679,1315330.0,Europe
Estonia,EST,2018.0,9.23,35208.0239637019,1322913.0,
Eswatini,SWZ,2000.0,7.46,5579.13655947274,1005432.0,
Eswatini,SWZ,2005.0,6.71,6551.01015339516,1030575.0,
Eswatini,SWZ,2010.0,6.82,7459.22797562412,1064841.0,
Eswatini,SWZ,2015.0,9.84,8304.65845837116,1104038.0,Africa
Eswatini,SWZ,2018.0,10.04,8520.59238619335,1136274.0,
Ethiopia,ETH,2000.0,1.76,727.766684744805,66224808.0,
Ethiopia,ETH,2005.0,2.05,862.35534188426,76346310.0,
Ethiopia,ETH,2010.0,2.5,1259.02258051063,87639962.0,
Ethiopia,ETH,2015.0,2.19,1779.0841114169,100835453.0,Africa
Ethiopia,ETH,2018.0,2.36,2103.51585836696,109224410.0,
Euro area,,2000.0,12.7171551590253,39554.4844107833,,
Euro area,,2005.0,12.2684810267613,41785.7842132743,,
Euro area,,2010.0,10.9915886003929,42620.9886476247,,
Euro area,,2015.0,11.3256923377699,43835.8523122617,,
Euro area,,2018.0,11.4025125308001,46349.2151719793,,
Europe & Central Asia,,2000.0,12.0724273815822,25379.4686218755,,
Europe & Central Asia,,2005.0,12.068748917394,28841.1942310281,,
Europe & Central Asia,,2010.0,11.038330590892,30736.286964545,,
Europe & Central Asia,,2015.0,10.0870948530615,32681.3551533745,,
Europe & Central Asia,,2018.0,9.764031940807,34684.5027912792,,
Europe & Central Asia (IDA & IBRD),,2000.0,11.2756518449253,11741.9145917627,,
Europe & Central Asia (IDA & IBRD),,2005.0,11.6212832244213,15567.0483744272,,
Europe & Central Asia (IDA & IBRD),,2010.0,10.874046301927,18476.0738804624,,
Europe & Central Asia (IDA & IBRD),,2015.0,8.80951672986014,20875.9042185113,,
Europe & Central Asia (IDA & IBRD),,2018.0,8.05319789127819,22555.6672495318,,
Europe & Central Asia (excluding high income),,2000.0,11.4815536080217,11227.2161494109,,
Europe & Central Asia (excluding high income),,2005.0,11.7437753084983,15151.1990965075,,
Europe & Central Asia (excluding high income),,2010.0,10.8490884718095,17885.915870799,,
Europe & Central Asia (excluding high income),,2015.0,8.52554792507051,20197.0479835965,,
Europe & Central Asia (excluding high income),,2018.0,7.6807296123609,21673.7268117006,,
European Union,,2000.0,12.6393686811969,34573.7967201583,,
European Union,,2005.0,12.3027987116357,37422.0881671627,,
European Union,,2010.0,11.2106356241059,38976.7390705914,,
European Union,,2015.0,11.3770912930769,40730.9865557774,,
European Union,,2018.0,11.4447155072379,43555.4867098389,,
Fiji,FJI,2000.0,3.24,9575.8788393934,811011.0,
Fiji,FJI,2005.0,2.78,10656.1632257559,821606.0,
Fiji,FJI,2010.0,3.0,10547.9303978854,859816.0,
Fiji,FJI,2015.0,3.33,12569.1431129142,868632.0,Oceania
Fiji,FJI,2018.0,3.32,13846.1588353285,883490.0,
Finland,FIN,2000.0,11.69,39894.1944569685,5187953.0,
Finland,FIN,2005.0,13.11,44786.9096643071,5258933.0,
Finland,FIN,2010.0,12.59,45874.6613021399,5365784.0,
Finland,FIN,2015.0,11.18,45072.5902146238,5481128.0,Europe
Finland,FIN,2018.0,10.78,48130.2923921114,5522585.0,
France,FRA,2000.0,14.08,39732.2824515749,59015092.0,
France,FRA,2005.0,13.09,41643.9888864457,61120128.0,
France,FRA,2010.0,12.4,42147.6716766942,62879535.0,
France,FRA,2015.0,12.64,43345.7864281559,64453194.0,Europe
France,FRA,2018.0,12.33,45251.9054105957,64990512.0,
Gabon,GAB,2000.0,10.59,16567.2456051163,1228359.0,
Gabon,GAB,2005.0,9.36,15761.1484780064,1390550.0,
Gabon,GAB,2010.0,9.89,14415.4459113912,1624146.0,
Gabon,GAB,2015.0,9.57,15510.0389513624,1947690.0,Africa
Gabon,GAB,2018.0,8.74,14744.4343267491,2119275.0,
Gambia,GMB,2000.0,4.14,2270.48649520816,1317708.0,
Gambia,GMB,2005.0,4.27,2216.18606202049,1543745.0,
Gambia,GMB,2010.0,3.81,2346.72047883159,1793199.0,
Gambia,GMB,2015.0,3.67,2058.65814621739,2085860.0,Africa
Gambia,GMB,2018.0,3.55,2158.07755816639,2280092.0,
Georgia,GEO,2000.0,4.41,4919.23187995616,4362184.0,
Georgia,GEO,2005.0,6.39,7315.19848048057,4210158.0,
Georgia,GEO,2010.0,9.67,9736.73209374292,4099095.0,
Georgia,GEO,2015.0,9.61,12605.1400698178,4024180.0,Asia
Georgia,GEO,2018.0,8.25,14253.4089858441,4002946.0,
Germany,DEU,2000.0,14.16,42864.9328892862,81400883.0,
Germany,DEU,2005.0,13.28,43884.5352789987,81602739.0,
Germany,DEU,2010.0,12.64,46929.9934093156,80827001.0,
Germany,DEU,2015.0,13.06,51083.9216615196,81787411.0,Europe
Germany,DEU,2018.0,12.91,53463.4014817389,83124413.0,
Ghana,GHA,2000.0,5.3,2734.80676341488,19278850.0,
Ghana,GHA,2005.0,3.77,3090.18743847289,21814648.0,
Ghana,GHA,2010.0,4.26,3729.47590321705,24779614.0,
Ghana,GHA,2015.0,3.12,4662.30319092518,27849203.0,Africa
Ghana,GHA,2018.0,2.75,5177.88398862782,29767108.0,
Greece,GRC,2000.0,10.18,29186.324547399,11082103.0,
Greece,GRC,2005.0,10.73,34732.6440722251,11224800.0,
Greece,GRC,2010.0,9.67,33753.6177475922,10887640.0,
Greece,GRC,2015.0,10.49,28248.1259561464,10659737.0,Europe
Greece,GRC,2018.0,10.18,29150.6944922443,10522244.0,
Grenada,GRD,2000.0,9.8,11613.4153892276,102837.0,
Grenada,GRD,2005.0,8.76,14246.9927237107,104658.0,
Grenada,GRD,2010.0,8.31,13412.7933652353,106227.0,
Grenada,GRD,2015.0,9.07,15142.06257045,109603.0,North America
Grenada,GRD,2018.0,9.48,16801.9552384337,111449.0,
Guatemala,GTM,2000.0,4.4,6499.88328602091,11650744.0,
Guatemala,GTM,2005.0,4.29,6753.68253599957,13096028.0,
Guatemala,GTM,2010.0,3.51,7335.98897429945,14630420.0,
Guatemala,GTM,2015.0,2.55,8125.65553391647,16252425.0,North America
Guatemala,GTM,2018.0,2.45,8462.17210684372,17247855.0,
Guinea,GIN,2000.0,0.67,1704.9563781541,8240735.0,
Guinea,GIN,2005.0,0.77,1794.38316206248,9109585.0,
Guinea,GIN,2010.0,0.7,1870.80005065288,10192168.0,
Guinea,GIN,2015.0,1.07,2087.93502637033,11432096.0,Africa
Guinea,GIN,2018.0,1.11,2499.70726640711,12414292.0,
Guinea-Bissau,GNB,2000.0,4.15,1722.75748109366,1201305.0,
Guinea-Bissau,GNB,2005.0,5.31,1677.70868916866,1344931.0,
Guinea-Bissau,GNB,2010.0,4.47,1747.23748547332,1522603.0,
Guinea-Bissau,GNB,2015.0,5.05,1800.06338150248,1737207.0,Africa
Guinea-Bissau,GNB,2018.0,5.38,1901.93173857674,1874304.0,
Guyana,GUY,2000.0,8.98,7776.30855726493,746718.0,
Guyana,GUY,2005.0,7.98,7965.37804381727,746156.0,
Guyana,GUY,2010.0,6.78,9789.01670024955,749430.0,
Guyana,GUY,2015.0,7.35,11261.8137066367,767433.0,South America
Guyana,GUY,2018.0,6.89,12477.5767111562,779007.0,
Haiti,HTI,2000.0,3.97,2684.55192559431,8463802.0,
Haiti,HTI,2005.0,3.86,2629.11126147756,9195289.0,
Haiti,HTI,2010.0,2.99,2735.28361704383,9949318.0,
Haiti,HTI,2015.0,2.69,2941.81608076667,10695540.0,North America
Haiti,HTI,2018.0,2.73,2992.31041114318,11123183.0,
Heavily indebted poor countries (HIPC),,2000.0,4.24008300225016,1668.86745200323,,
Heavily indebted poor countries (HIPC),,2005.0,4.03397417415811,1813.83404330648,,
Heavily indebted poor countries (HIPC),,2010.0,4.17562433186334,2096.78354202238,,
Heavily indebted poor countries (HIPC),,2015.0,4.0276476247964,2390.34647060241,,
Heavily indebted poor countries (HIPC),,2018.0,4.06575985649285,2536.70484432927,,
High income,,2000.0,10.5602227215204,39535.7639188054,,
High income,,2005.0,10.3899376508469,43051.802059704,,
High income,,2010.0,9.63564750298349,44257.533040905,,
High income,,2015.0,9.7649192043837,47302.856059263,,
High income,,2018.0,9.77965599485549,49680.4358455199,,
Honduras,HND,2000.0,3.5,4108.77497718928,6574510.0,
Honduras,HND,2005.0,3.88,4546.24063500184,7458982.0,
Honduras,HND,2010.0,3.59,4866.97393107266,8317467.0,
Honduras,HND,2015.0,3.49,5283.41691357908,9112904.0,North America
Honduras,HND,2018.0,3.76,5680.36288396582,9587523.0,
Hungary,HUN,2000.0,14.27,19406.5213432499,10220509.0,
Hungary,HUN,2005.0,14.56,24355.7819172586,10085942.0,
Hungary,HUN,2010.0,12.09,24427.6287331225,9927380.0,
Hungary,HUN,2015.0,11.6,27499.3244662857,9777925.0,Europe
Hungary,HUN,2018.0,11.35,31095.557503677,9707502.0,
IBRD only,,2000.0,4.46424594755368,5998.38479548308,,
IBRD only,,2005.0,4.53400508124463,7477.35353925192,,
IBRD only,,2010.0,6.05019657357632,9633.83233926391,,
IBRD only,,2015.0,6.13515037011165,11695.2724360905,,
IBRD only,,2018.0,5.97662907027077,13105.4075664796,,
IDA & IBRD total,,2000.0,4.32866061171693,5190.05815797412,,
IDA & IBRD total,,2005.0,4.36849280088349,6376.31608764298,,
IDA & IBRD total,,2010.0,5.5947480648564,8075.67206725467,,
IDA & IBRD total,,2015.0,5.61451586287871,9672.45221610323,,
IDA & IBRD total,,2018.0,5.48742148438097,10724.1301303154,,
IDA blend,,2000.0,5.40000883185504,3111.30624329716,,
IDA blend,,2005.0,5.24498236548353,3671.81843096302,,
IDA blend,,2010.0,4.98048323627656,4205.45696771089,,
IDA blend,,2015.0,4.58995037582147,4744.85507724962,,
IDA blend,,2018.0,4.62675911394371,4874.5853207636,,
IDA only,,2000.0,2.74760195580924,1794.1010199874,,
IDA only,,2005.0,2.71870791922856,2060.59709167372,,
IDA only,,2010.0,2.96632809335679,2500.26839421721,,
IDA only,,2015.0,3.10121132153311,2988.54956681384,,
IDA only,,2018.0,3.20136280440965,3312.05029587241,,
IDA total,,2000.0,3.68189847461984,2243.55739642572,,
IDA total,,2005.0,3.61097781563725,2610.61138542349,,
IDA total,,2010.0,3.66715301372077,3079.45640292581,,
IDA total,,2015.0,3.60675178629109,3582.91793379288,,
IDA total,,2018.0,3.68391489641929,3831.85086067766,,
Iceland,ISL,2000.0,7.03,41530.5173238278,280439.0,
Iceland,ISL,2005.0,7.74,48104.6518132004,294976.0,
Iceland,ISL,2010.0,7.5,47457.6229185836,320342.0,
Iceland,ISL,2015.0,8.74,52142.9328074888,330237.0,Europe
Iceland,ISL,2018.0,9.12,56722.1193741156,336712.0,
India,IND,2000.0,2.28,2578.59152976754,1056575548.0,
India,IND,2005.0,2.33,3245.29988504732,1147609924.0,
India,IND,2010.0,4.35,4234.97957334961,1234281163.0,
India,IND,2015.0,5.54,5464.39405731664,1310152392.0,Asia
India,IND,2018.0,5.54,6518.84505546914,1352642283.0,
Indonesia,IDN,2000.0,0.5,5689.26022293799,211513822.0,
Indonesia,IDN,2005.0,0.48,6699.27209089739,226289468.0,
Indonesia,IDN,2010.0,0.59,8286.7328696642,241834226.0,
Indonesia,IDN,2015.0,0.6,10149.6038700252,258383257.0,Asia
Indonesia,IDN,2018.0,0.57,11371.7255560847,267670549.0,
Iran,IRN,2000.0,0.21,10066.8027843828,65623397.0,
Iran,IRN,2005.0,0.58,11998.2148575374,69762345.0,
Iran,IRN,2010.0,1.01,13805.7038219488,73762519.0,
Iran,IRN,2015.0,1.01,12698.1091975659,78492208.0,Asia
Iran,IRN,2018.0,1.03,13471.8606376875,81800204.0,
Iraq,IRQ,2000.0,0.45,9364.59670507821,23497589.0,
Iraq,IRQ,2005.0,0.44,7542.22233395798,26922279.0,
Iraq,IRQ,2010.0,0.49,8748.50877615095,29741977.0,
Iraq,IRQ,2015.0,0.37,10122.2007755733,35572269.0,Asia
Iraq,IRQ,2018.0,0.39,10346.2129581855,38433604.0,
Ireland,IRL,2000.0,15.13,48628.4511384221,3783095.0,
Ireland,IRL,2005.0,14.2,57691.5616452959,4141218.0,
Ireland,IRL,2010.0,12.07,53725.033597612,4554330.0,
Ireland,IRL,2015.0,12.47,72251.1535363159,4652420.0,Europe
Ireland,IRL,2018.0,12.88,84303.3408922937,4818694.0,
Israel,ISR,2000.0,3.08,31416.9385084502,5945949.0,
Israel,ISR,2005.0,2.7,31239.0068599514,6529470.0,
Israel,ISR,2010.0,3.12,34800.2474731642,7346446.0,
Israel,ISR,2015.0,3.86,37554.5986562961,7978496.0,Asia
Israel,ISR,2018.0,4.21,39418.3453068224,8381507.0,
Italy,ITA,2000.0,10.37,43053.93306429,56692178.0,
Italy,ITA,2005.0,9.41,44260.8274173515,58281209.0,
Italy,ITA,2010.0,7.34,42664.3552727925,59325232.0,
Italy,ITA,2015.0,7.59,40247.8290437942,60578489.0,Europe
Italy,ITA,2018.0,7.84,42052.5563822519,60627291.0,
Jamaica,JAM,2000.0,4.91,9344.53464265286,2654698.0,
Jamaica,JAM,2005.0,4.43,9918.04765635067,2740000.0,
Jamaica,JAM,2010.0,4.38,9435.76084179983,2810464.0,
Jamaica,JAM,2015.0,4.19,9473.10619523862,2891024.0,North America
Jamaica,JAM,2018.0,4.22,9734.86228780542,2934853.0,
Japan,JPN,2000.0,8.23,35611.8039052511,127524168.0,
Japan,JPN,2005.0,7.99,37489.8533695016,128326115.0,
Japan,JPN,2010.0,7.2,37586.1671466567,128542349.0,
Japan,JPN,2015.0,7.87,39777.5310167672,127985139.0,Asia
Japan,JPN,2018.0,7.96,41182.3802046593,127202190.0,
Jordan,JOR,2000.0,0.62,8741.7274099193,5122495.0,
Jordan,JOR,2005.0,0.66,10577.2913861175,5765639.0,
Jordan,JOR,2010.0,0.64,11315.5027028063,7261541.0,
Jordan,JOR,2015.0,0.69,10145.8366996846,9266573.0,Asia
Jordan,JOR,2018.0,0.69,10013.3976633388,9965322.0,
Kazakhstan,KAZ,2000.0,8.18,10275.7618712984,14922724.0,
Kazakhstan,KAZ,2005.0,9.33,16536.0154072377,15402803.0,
Kazakhstan,KAZ,2010.0,4.97,20751.2572399462,16252273.0,
Kazakhstan,KAZ,2015.0,4.66,24290.4176339265,17572010.0,Asia
Kazakhstan,KAZ,2018.0,4.76,25544.3447563035,18319616.0,
Kenya,KEN,2000.0,3.83,2867.74670834945,31964557.0,
Kenya,KEN,2005.0,3.01,2992.34077880203,36624897.0,
Kenya,KEN,2010.0,3.29,3329.85375197704,42030684.0,
Kenya,KEN,2015.0,2.77,3824.75930317654,47878339.0,Africa
Kenya,KEN,2018.0,2.78,4203.83827267811,51392570.0,
Kiribati,KIR,2000.0,1.96,2183.67502940533,84405.0,
Kiribati,KIR,2005.0,2.16,2150.09508286577,92319.0,
Kiribati,KIR,2010.0,1.65,1923.10777580682,102930.0,
Kiribati,KIR,2015.0,0.52,2168.99773241889,110927.0,Oceania
Kiribati,KIR,2018.0,0.46,2254.05923175595,115842.0,
Kuwait,KWT,2000.0,0.038,54984.9523488311,2045123.0,
Kuwait,KWT,2005.0,0.019,73155.7122110388,2270196.0,
Kuwait,KWT,2010.0,0.032,58810.4048692567,2991884.0,
Kuwait,KWT,2015.0,0.003,54834.3916726177,3835588.0,Asia
Kuwait,KWT,2018.0,0.003,50478.5875050676,4137314.0,
Kyrgyzstan,KGZ,2000.0,9.45,3078.90925165177,4920712.0,
Kyrgyzstan,KGZ,2005.0,11.19,3517.72050884889,5075340.0,
Kyrgyzstan,KGZ,2010.0,10.08,4141.07720559948,5422298.0,
Kyrgyzstan,KGZ,2015.0,7.59,4805.14109238388,5959126.0,Asia
Kyrgyzstan,KGZ,2018.0,6.26,5133.1519146081,6304025.0,
Laos,LAO,2000.0,4.66,2861.27183966636,5323701.0,
Laos,LAO,2005.0,4.37,3584.32029137671,5751675.0,
Laos,LAO,2010.0,7.1,4850.17506683389,6249168.0,
Laos,LAO,2015.0,10.05,6543.67068865935,6741160.0,Asia
Laos,LAO,2018.0,10.72,7592.82947474583,7061498.0,
Late-demographic dividend,,2000.0,5.56325458805206,6486.40932288695,,
Late-demographic dividend,,2005.0,5.76143162144268,8625.25701799332,,
Late-demographic dividend,,2010.0,7.60514366505772,11798.1432070488,,
Late-demographic dividend,,2015.0,7.43519403108725,14837.7627757009,,
Late-demographic dividend,,2018.0,7.24966960968424,16763.1761094736,,
Latin America & Caribbean,,2000.0,7.30112089331124,12676.296325014,,
Latin America & Caribbean,,2005.0,7.19722902611348,13470.5567730482,,
Latin America & Caribbean,,2010.0,6.99957961571905,15190.8298125008,,
Latin America & Caribbean,,2015.0,6.61893740371351,16277.3089322588,,
Latin America & Caribbean,,2018.0,6.33160551872181,16418.7763893775,,
Latin America & Caribbean (IDA & IBRD),,2000.0,7.36172809811277,12599.7711475885,,
Latin America & Caribbean (IDA & IBRD),,2005.0,7.24328096213664,13368.9783663037,,
Latin America & Caribbean (IDA & IBRD),,2010.0,7.04507477179186,15125.0836392276,,
Latin America & Caribbean (IDA & IBRD),,2015.0,6.63876376196831,16220.8712911274,,
Latin America & Caribbean (IDA & IBRD),,2018.0,6.34103701883309,16367.1630627475,,
Latin America & Caribbean (excluding high income),,2000.0,7.19461119214596,12038.4355903443,,
Latin America & Caribbean (excluding high income),,2005.0,7.02642151895821,12728.9164622706,,
Latin America & Caribbean (excluding high income),,2010.0,6.83673271113579,14408.5714644614,,
Latin America & Caribbean (excluding high income),,2015.0,6.51564151497634,15412.4193933465,,
Latin America & Caribbean (excluding high income),,2018.0,6.33674686032047,15494.5222898786,,
Latvia,LVA,2000.0,8.76,12863.3093474278,2384150.0,
Latvia,LVA,2005.0,11.96,20175.8162019511,2251996.0,
Latvia,LVA,2010.0,11.63,21023.9013349872,2118855.0,
Latvia,LVA,2015.0,12.64,26621.2722286526,1997675.0,Europe
Latvia,LVA,2018.0,12.77,30036.0865499334,1928461.0,
Least developed countries: UN classification,,2000.0,2.48631118149603,1592.98784380935,,
Least developed countries: UN classification,,2005.0,2.65811388115713,1888.87321423132,,
Least developed countries: UN classification,,2010.0,3.05266174567741,2346.90414760457,,
Least developed countries: UN classification,,2015.0,3.24596376990244,2766.22428886347,,
Least developed countries: UN classification,,2018.0,3.33836610996658,3003.33878874477,,
Lebanon,LBN,2000.0,2.96,14361.6830243491,3842774.0,
Lebanon,LBN,2005.0,2.31,14263.7149426343,4698761.0,
Lebanon,LBN,2010.0,1.94,19499.1728019089,4953064.0,
Lebanon,LBN,2015.0,1.65,16299.2077629854,6532681.0,Asia
Lebanon,LBN,2018.0,1.71,15588.1528714896,6859408.0,
Lesotho,LSO,2000.0,7.31,1685.36701365512,2032805.0,
Lesotho,LSO,2005.0,5.37,1969.63971986002,1996115.0,
Lesotho,LSO,2010.0,6.5,2346.71329671032,1995575.0,
Lesotho,LSO,2015.0,4.8,2701.42185521194,2059011.0,Africa
Lesotho,LSO,2018.0,4.59,2614.65884916972,2108327.0,
Liberia,LBR,2000.0,6.38,1699.02083585982,2848447.0,
Liberia,LBR,2005.0,6.05,1212.07045001597,3218114.0,
Liberia,LBR,2010.0,5.37,1420.04624575477,3891357.0,
Liberia,LBR,2015.0,5.7,1580.47922766632,4472229.0,Africa
Liberia,LBR,2018.0,6.12,1497.00478720289,4818976.0,
Libya,LBY,2000.0,0.064,16746.2738707408,5357893.0,
Libya,LBY,2005.0,0.083,19883.4829147438,5798615.0,
Libya,LBY,2010.0,0.098,22539.8927593081,6197667.0,
Libya,LBY,2015.0,0.029,11022.4292135086,6418315.0,Africa
Libya,LBY,2018.0,0.019,15017.9935741811,6678565.0,
Lithuania,LTU,2000.0,13.36,13846.6832884609,3501842.0,
Lithuania,LTU,2005.0,16.1,21053.1846048184,3344259.0,
Lithuania,LTU,2010.0,15.25,23942.7603567557,3123825.0,
Lithuania,LTU,2015.0,15.38,30748.1963109529,2931872.0,Europe
Lithuania,LTU,2018.0,13.22,35427.4618636641,2801270.0,
Low & middle income,,2000.0,4.23527429955794,4973.8423080504,,
Low & middle income,,2005.0,4.26593923660209,6131.93796113899,,
Low & middle income,,2010.0,5.50762783098416,7789.77554246694,,
Low & middle income,,2015.0,5.54028194088404,9356.22807974141,,
Low & middle income,,2018.0,5.42711870027833,10379.598878097,,
Lower middle income,,2000.0,2.76826428431804,3545.61415966442,,
Lower middle income,,2005.0,2.77731236535281,4282.77426582959,,
Lower middle income,,2010.0,3.88999920879442,5225.26672726648,,
Lower middle income,,2015.0,4.42985421282881,6185.11597458068,,
Lower middle income,,2018.0,4.43451737036976,6954.21770020879,,
Luxembourg,LUX,2000.0,14.32,95901.0204047436,436106.0,
Luxembourg,LUX,2005.0,13.58,104025.415860951,457848.0,
Luxembourg,LUX,2010.0,12.98,107703.453907485,507890.0,
Luxembourg,LUX,2015.0,13.18,110446.086101647,566741.0,Europe
Luxembourg,LUX,2018.0,12.94,113589.670473448,604244.0,
Madagascar,MDG,2000.0,2.11,1614.38228216052,15766806.0,
Madagascar,MDG,2005.0,1.53,1559.87472086079,18336722.0,
Madagascar,MDG,2010.0,1.87,1553.40472203739,21151640.0,
Madagascar,MDG,2015.0,1.88,1546.76704618335,24234080.0,Africa
Madagascar,MDG,2018.0,1.97,1592.05355843859,26262313.0,
Malawi,MWI,2000.0,2.42,1107.53789395445,11148751.0,
Malawi,MWI,2005.0,2.87,1087.6064639196,12625950.0,
Malawi,MWI,2010.0,3.21,1350.59916998263,14539609.0,
Malawi,MWI,2015.0,3.62,1432.08525892858,16745305.0,Africa
Malawi,MWI,2018.0,3.63,1471.03724879602,18143215.0,
Malaysia,MYS,2000.0,1.53,15917.0571666512,23194252.0,
Malaysia,MYS,2005.0,1.28,18114.1441085608,25690615.0,
Malaysia,MYS,2010.0,1.32,20536.372513472,28208028.0,
Malaysia,MYS,2015.0,0.85,24787.8237457166,30270965.0,Asia
Malaysia,MYS,2018.0,0.85,27558.1369502408,31528033.0,
Maldives,MDV,2000.0,2.04,13358.5871568241,279396.0,
Maldives,MDV,2005.0,1.52,12607.723956405,319604.0,
Maldives,MDV,2010.0,1.65,16305.7988792689,365730.0,
Maldives,MDV,2015.0,2.07,17284.6478941089,454914.0,Asia
Maldives,MDV,2018.0,2.22,18795.5303498427,515703.0,
Mali,MLI,2000.0,1.15,1627.73231771183,10946448.0,
Mali,MLI,2005.0,1.05,1958.8187312822,12775509.0,
Mali,MLI,2010.0,1.09,2082.96193463428,15049352.0,
Mali,MLI,2015.0,1.25,2139.73629713506,17438772.0,Africa
Mali,MLI,2018.0,1.28,2283.70241285673,19077755.0,
Malta,MLT,2000.0,5.72,27482.869065828,393649.0,
Malta,MLT,2005.0,6.65,28992.9245490961,404659.0,
Malta,MLT,2010.0,6.58,32867.9400344911,414257.0,
Malta,MLT,2015.0,7.56,39845.1145672313,433559.0,Europe
Malta,MLT,2018.0,7.99,43313.4770253615,439255.0,
Mauritania,MRT,2000.0,0.2,4361.21351253339,2630217.0,
Mauritania,MRT,2005.0,0.13,4638.00598024501,3024198.0,
Mauritania,MRT,2010.0,0.086,4767.37736625119,3494200.0,
Mauritania,MRT,2015.0,0.033,5127.43228246614,4046304.0,Africa
Mauritania,MRT,2018.0,0.036,5042.43119844404,4403312.0,
Mauritius,MUS,2000.0,5.49,11890.5886483671,1185147.0,
Mauritius,MUS,2005.0,5.0,13571.8356011585,1222010.0,
Mauritius,MUS,2010.0,3.81,16797.8172363943,1247953.0,
Mauritius,MUS,2015.0,3.94,19897.4753965644,1259457.0,Africa
Mauritius,MUS,2018.0,4.35,22208.1381171868,1267184.0,
Mexico,MEX,2000.0,6.43,17756.5664680698,98899845.0,
Mexico,MEX,2005.0,6.48,17788.5891204455,106005199.0,
Mexico,MEX,2010.0,5.21,17790.0119218899,114092961.0,
Mexico,MEX,2015.0,4.92,19268.9143963283,121858251.0,North America
Mexico,MEX,2018.0,5.0,19928.3956618582,126190782.0,
Micronesia (country),FSM,2000.0,3.86,3434.09809300597,107405.0,
Micronesia (country),FSM,2005.0,2.78,3586.13383148819,106135.0,
Micronesia (country),FSM,2010.0,2.85,3659.63876623588,102916.0,
Micronesia (country),FSM,2015.0,2.44,3448.30369231563,108886.0,Oceania
Micronesia (country),FSM,2018.0,2.48,3460.90904773797,112640.0,
Middle East & North Africa,,2000.0,0.65477031514978,12313.1172999195,,
Middle East & North Africa,,2005.0,0.703910609188445,13688.8486025716,,
Middle East & North Africa,,2010.0,0.795690496685614,15137.5978818379,,
Middle East & North Africa,,2015.0,0.807447692007538,16034.7000953948,,
Middle East & North Africa,,2018.0,0.812701073428056,16431.8556442289,,
Middle East & North Africa (IDA & IBRD),,2000.0,0.544953674765426,8037.86173463939,,
Middle East & North Africa (IDA & IBRD),,2005.0,0.623679006023142,8938.20044745322,,
Middle East & North Africa (IDA & IBRD),,2010.0,0.703944204927199,10300.1205811123,,
Middle East & North Africa (IDA & IBRD),,2015.0,0.685778618090883,10247.2143709572,,
Middle East & North Africa (IDA & IBRD),,2018.0,0.68297312245213,10807.5034626022,,
Middle East & North Africa (excluding high income),,2000.0,0.544953674765426,8000.40750460884,,
Middle East & North Africa (excluding high income),,2005.0,0.623679006023142,8893.35551413609,,
Middle East & North Africa (excluding high income),,2010.0,0.703944204927199,10243.981316623,,
Middle East & North Africa (excluding high income),,2015.0,0.685778618090883,10198.1464695087,,
Middle East & North Africa (excluding high income),,2018.0,0.68297312245213,10754.1750931682,,
Middle income,,2000.0,4.29096984729311,5278.97930275952,,
Middle income,,2005.0,4.32999137526902,6550.89625058193,,
Middle income,,2010.0,5.66400214722303,8375.33224027164,,
Middle income,,2015.0,5.73398316767136,10120.1649533809,,
Middle income,,2018.0,5.61546594922062,11274.6108552369,,
Moldova,MDA,2000.0,13.89,5074.37706419218,4202659.0,
Moldova,MDA,2005.0,19.95,7231.32842221528,4159296.0,
Moldova,MDA,2010.0,15.54,8550.170639047,4086090.0,
Moldova,MDA,2015.0,11.87,10360.8295911083,4070705.0,Europe
Moldova,MDA,2018.0,11.43,12363.1468378401,4051950.0,
Mongolia,MNG,2000.0,3.11,4528.95594640011,2397417.0,
Mongolia,MNG,2005.0,5.28,5883.36005710786,2526429.0,
Mongolia,MNG,2010.0,9.65,7479.78090233711,2719902.0,
Mongolia,MNG,2015.0,10.97,11022.9785342491,2998433.0,Asia
Mongolia,MNG,2018.0,8.19,11915.5567471637,3170214.0,
Montenegro,MNE,2010.0,15.07,16764.3623723454,624279.0,
Montenegro,MNE,2015.0,10.92,18263.6006034136,626957.0,Europe
Montenegro,MNE,2018.0,11.47,20686.5759142606,627803.0,
Morocco,MAR,2000.0,1.01,4370.7994905291,28793672.0,
Morocco,MAR,2005.0,0.96,5227.56263149928,30455563.0,
Morocco,MAR,2010.0,0.9,6281.46419122613,32343384.0,
Morocco,MAR,2015.0,0.7,7126.67058575575,34663608.0,Africa
Morocco,MAR,2018.0,0.69,7446.93622037578,36029089.0,
Mozambique,MOZ,2000.0,2.33,630.701613637085,17711925.0,
Mozambique,MOZ,2005.0,1.3,821.345814204148,20493927.0,
Mozambique,MOZ,2010.0,1.63,1027.20887652935,23531567.0,
Mozambique,MOZ,2015.0,2.19,1262.61312778202,27042001.0,Africa
Mozambique,MOZ,2018.0,2.3,1289.73594800556,29496009.0,
Myanmar,MMR,2000.0,0.38,1093.78820723887,46719698.0,
Myanmar,MMR,2005.0,1.65,1911.95597037831,48949931.0,
Myanmar,MMR,2010.0,2.9,3129.92025489038,50600827.0,
Myanmar,MMR,2015.0,4.41,4268.5006767951,52680724.0,Asia
Myanmar,MMR,2018.0,5.12,5029.1880858737,53708318.0,
Namibia,NAM,2000.0,3.26,6804.86674286238,1794583.0,
Namibia,NAM,2005.0,2.7,8014.97385784405,1938316.0,
Namibia,NAM,2010.0,1.99,9031.16059358875,2118877.0,
Namibia,NAM,2015.0,5.23,10662.8299304666,2314901.0,Africa
Namibia,NAM,2018.0,5.43,10092.258820242,2448300.0,
Nauru,NRU,2005.0,3.4,5608.34926563062,9848.0,
Nauru,NRU,2010.0,5.73,6688.64973862074,10009.0,
Nauru,NRU,2015.0,3.71,13551.9625979464,10374.0,Oceania
Nauru,NRU,2018.0,3.71,13636.3609415279,10678.0,
Nepal,NPL,2000.0,1.12,2077.65205573805,23941099.0,
Nepal,NPL,2005.0,1.95,2282.68505366778,25744500.0,
Nepal,NPL,2010.0,1.94,2703.41491670115,27013207.0,
Nepal,NPL,2015.0,2.05,3331.87176945857,27015033.0,Asia
Nepal,NPL,2018.0,2.05,3773.71591761441,28095712.0,
Netherlands,NLD,2000.0,11.08,47422.2034047837,15926188.0,
Netherlands,NLD,2005.0,10.71,49467.4354267059,16367153.0,
Netherlands,NLD,2010.0,10.21,52032.9865022429,16682927.0,
Netherlands,NLD,2015.0,9.55,52974.1162200949,16938492.0,Europe
Netherlands,NLD,2018.0,9.61,56060.9136269404,17059560.0,
New Zealand,NZL,2000.0,10.42,32837.0978861822,3858992.0,
New Zealand,NZL,2005.0,10.92,37293.2137650567,4135353.0,
New Zealand,NZL,2010.0,11.32,37657.1432046716,4370060.0,
New Zealand,NZL,2015.0,10.44,41086.1153021682,4614527.0,Oceania
New Zealand,NZL,2018.0,10.63,42866.1272276586,4743131.0,
Nicaragua,NIC,2000.0,5.05,3968.89293294194,5069310.0,
Nicaragua,NIC,2005.0,5.3,4320.75032069298,5438692.0,
Nicaragua,NIC,2010.0,4.79,4611.78569153692,5824058.0,
Nicaragua,NIC,2015.0,5.03,5630.40573760444,6223234.0,North America
Nicaragua,NIC,2018.0,5.18,5729.68822390273,6465502.0,
Niger,NER,2000.0,0.23,933.346375903928,11331561.0,
Niger,NER,2005.0,0.25,961.539888157597,13624474.0,
Niger,NER,2010.0,0.31,1036.90430530082,16464025.0,
Niger,NER,2015.0,0.55,1132.33120491778,20001663.0,Africa
Niger,NER,2018.0,0.67,1200.97246385835,22442831.0,
Nigeria,NGA,2000.0,12.5,2977.04147454063,122283853.0,
Nigeria,NGA,2005.0,12.51,3997.43975061575,138865014.0,
Nigeria,NGA,2010.0,11.72,4932.33479996173,158503203.0,
Nigeria,NGA,2015.0,10.81,5514.77027265177,181137454.0,Africa
Nigeria,NGA,2018.0,10.84,5155.07599367409,195874685.0,
North America,,2000.0,9.19,48863.385511523,486124198.0,
North America,,2005.0,9.49,53149.8648264021,513270901.0,
North America,,2010.0,9.43635354968434,53386.1559585616,542398372.0,
North America,,2015.0,9.72246847841029,57440.3995911981,568911289.0,
North America,,2018.0,9.77231490754098,60286.8577446144,582921781.0,
North Macedonia,MKD,2000.0,7.31,10182.126070975,2034823.0,
North Macedonia,MKD,2005.0,7.03,11086.1567452985,2060280.0,
North Macedonia,MKD,2010.0,5.93,13412.3128319948,2070737.0,
North Macedonia,MKD,2015.0,5.93,15072.9475418471,2079335.0,Europe
North Macedonia,MKD,2018.0,6.16,16093.3104230501,2082956.0,
Norway,NOR,2000.0,7.95,57127.3997508609,4499375.0,
Norway,NOR,2005.0,8.87,61870.3837851071,4632359.0,
Norway,NOR,2010.0,8.94,61353.4963937525,4885878.0,
Norway,NOR,2015.0,7.52,62987.5358625454,5199827.0,Europe
Norway,NOR,2018.0,7.41,64341.2589026158,5337960.0,
OECD members,,2000.0,9.95731682826649,35511.2873153719,,
OECD members,,2005.0,9.8032689852434,38336.9050957133,,
OECD members,,2010.0,9.08867241589293,39244.1962708761,,
OECD members,,2015.0,9.19302284576773,41948.0976915714,,
OECD members,,2018.0,9.19206212222036,44062.462232416,,
Oman,OMN,2000.0,6.56,33839.520542694,2267973.0,
Oman,OMN,2005.0,1.56,31909.5027436973,2511254.0,
Oman,OMN,2010.0,0.73,33864.9837422885,3041435.0,
Oman,OMN,2015.0,0.77,30146.9560518823,4267341.0,Asia
Oman,OMN,2018.0,0.78,28350.9435298546,4829476.0,
Other small states,,2000.0,5.88855631168809,13747.86073763,,
Other small states,,2005.0,6.10142506402623,16499.1557692917,,
Other small states,,2010.0,5.58657197326012,20568.1840271392,,
Other small states,,2015.0,5.43812458310988,22734.9385315771,,
Other small states,,2018.0,5.11511199155353,22687.3141477117,,
Pacific island small states,,2000.0,2.56878004467894,5941.1701322902,,
Pacific island small states,,2005.0,2.43618384220805,6317.37842039144,,
Pacific island small states,,2010.0,2.39567397703696,6272.30661235935,,
Pacific island small states,,2015.0,2.39863964526109,6931.63295882588,,
Pacific island small states,,2018.0,2.47171919392742,7410.70219997651,,
Pakistan,PAK,2000.0,0.085,3245.37834188783,142343583.0,
Pakistan,PAK,2005.0,0.16,3706.82402332879,160304007.0,
Pakistan,PAK,2010.0,0.19,3906.87397085543,179424643.0,
Pakistan,PAK,2015.0,0.29,4278.34666284049,199426953.0,Asia
Pakistan,PAK,2018.0,0.34,4739.47271266276,212228288.0,
Panama,PAN,2000.0,5.48,14507.7959728498,3030333.0,
Panama,PAN,2005.0,5.49,16301.5159296249,3330222.0,
Panama,PAN,2010.0,6.84,21343.3049948781,3642691.0,
Panama,PAN,2015.0,7.71,28431.0824221868,3968490.0,North America
Panama,PAN,2018.0,7.98,31012.9461549459,4176868.0,
Papua New Guinea,PNG,2000.0,1.79,2871.41637699376,5847590.0,
Papua New Guinea,PNG,2005.0,1.6,2877.11564572546,6494902.0,
Papua New Guinea,PNG,2010.0,1.67,3406.64403989259,7310512.0,
Papua New Guinea,PNG,2015.0,1.39,4083.75243695251,8107772.0,Oceania
Papua New Guinea,PNG,2018.0,1.39,4190.0948949613,8606324.0,
Paraguay,PRY,2000.0,6.38,8530.20798959163,5323202.0,
Paraguay,PRY,2005.0,6.66,8570.09446530592,5824095.0,
Paraguay,PRY,2010.0,7.58,10415.6564362312,6248017.0,
Paraguay,PRY,2015.0,7.26,11828.1401290455,6688746.0,South America
Paraguay,PRY,2018.0,7.58,12827.7080209236,6956069.0,
Peru,PER,2000.0,6.54,6422.4805683104,26459944.0,
Peru,PER,2005.0,6.99,7519.02906932011,27866140.0,
Peru,PER,2010.0,7.69,10066.4675664813,29027680.0,
Peru,PER,2015.0,6.63,12110.2668971421,30470739.0,South America
Peru,PER,2018.0,6.38,12781.4164435302,31989265.0,
Philippines,PHL,2000.0,6.06,4453.75667171085,77991757.0,
Philippines,PHL,2005.0,5.67,5054.23893301697,86326251.0,
Philippines,PHL,2010.0,6.98,5918.37322881976,93966784.0,
Philippines,PHL,2015.0,6.7,7300.13621040525,102113206.0,Asia
Philippines,PHL,2018.0,6.86,8516.13654897274,106651394.0,
Poland,POL,2000.0,9.17,16257.6458763574,38556699.0,
Poland,POL,2005.0,10.6,18937.4751533604,38368957.0,
Poland,POL,2010.0,11.21,23996.1397804791,38329784.0,
Poland,POL,2015.0,11.63,27797.0584233597,38034076.0,Europe
Poland,POL,2018.0,11.71,31674.1316243417,37921585.0,
Portugal,PRT,2000.0,14.08,30383.1378175177,10297117.0,
Portugal,PRT,2005.0,13.37,31076.6441205289,10508494.0,
Portugal,PRT,2010.0,12.51,31798.1538079411,10596055.0,
Portugal,PRT,2015.0,11.88,31118.7906703279,10368346.0,Europe
Portugal,PRT,2018.0,12.03,34040.7255617749,10256192.0,
Post-demographic dividend,,2000.0,10.9947395823355,38507.8349168277,,
Post-demographic dividend,,2005.0,10.7770895682402,42093.4503567353,,
Post-demographic dividend,,2010.0,10.1411742418903,43252.2707236205,,
Post-demographic dividend,,2015.0,10.1289048425001,45915.0531793586,,
Post-demographic dividend,,2018.0,10.0970317678351,48359.2057459698,,
Pre-demographic dividend,,2000.0,6.2101448597794,2426.05176035902,,
Pre-demographic dividend,,2005.0,6.03047741625439,2735.67657280046,,
Pre-demographic dividend,,2010.0,5.96697312594892,3210.192230381,,
Pre-demographic dividend,,2015.0,5.5823001157998,3566.72427653534,,
Pre-demographic dividend,,2018.0,5.5676125893014,3529.13717908586,,
Qatar,QAT,2000.0,1.15,86566.3028502583,592467.0,
Qatar,QAT,2005.0,1.67,87721.9494076292,865410.0,
Qatar,QAT,2010.0,1.69,95908.3128170241,1856329.0,
Qatar,QAT,2015.0,1.62,95965.2512366176,2565708.0,Asia
Qatar,QAT,2018.0,1.59,90970.0609016321,2781682.0,
Romania,ROU,2000.0,17.45,12109.5523994815,22137423.0,
Romania,ROU,2005.0,15.84,16770.6544964025,21417287.0,
Romania,ROU,2010.0,13.97,20303.1627966692,20471860.0,
Romania,ROU,2015.0,11.64,23878.1885373067,19925182.0,Europe
Romania,ROU,2018.0,11.74,28523.4731832065,19506110.0,
Russia,RUS,2000.0,15.73,14569.9365828201,146404890.0,
Russia,RUS,2005.0,17.36,20042.8135032629,143672125.0,
Russia,RUS,2010.0,15.87,23961.2202930302,143479273.0,
Russia,RUS,2015.0,12.47,25488.0961196394,144985059.0,Europe
Russia,RUS,2018.0,11.19,26656.4095416865,145734034.0,
Rwanda,RWA,2000.0,13.73,867.61519073836,7933688.0,
Rwanda,RWA,2005.0,13.0,1148.44637245018,8840220.0,
Rwanda,RWA,2010.0,10.27,1507.16501035777,10039338.0,
Rwanda,RWA,2015.0,9.26,1889.15810576486,11369066.0,Africa
Rwanda,RWA,2018.0,8.95,2088.74922433298,12301969.0,
Saint Kitts and Nevis,KNA,2000.0,9.51,21459.7356252183,44083.0,
Saint Kitts and Nevis,KNA,2005.0,11.53,23617.3105861769,46852.0,
Saint Kitts and Nevis,KNA,2010.0,9.45,23710.3475026719,49011.0,
Saint Kitts and Nevis,KNA,2015.0,8.88,25569.4841249091,51204.0,North America
Saint Kitts and Nevis,KNA,2018.0,8.94,25901.6333033394,52438.0,
Saint Lucia,LCA,2000.0,11.8,12963.8538743731,156737.0,
Saint Lucia,LCA,2005.0,11.62,13433.7481536919,163408.0,
Saint Lucia,LCA,2010.0,9.69,14109.4134298143,174092.0,
Saint Lucia,LCA,2015.0,9.96,14029.5909199045,179131.0,North America
Saint Lucia,LCA,2018.0,10.6,15261.3643508088,181890.0,
Saint Vincent and the Grenadines,VCT,2000.0,5.01,8646.60881641543,107787.0,
Saint Vincent and the Grenadines,VCT,2005.0,5.99,10666.7385615742,108617.0,
Saint Vincent and the Grenadines,VCT,2010.0,7.03,11447.4666191785,108260.0,
Saint Vincent and the Grenadines,VCT,2015.0,8.46,11973.4193690941,109135.0,North America
Saint Vincent and the Grenadines,VCT,2018.0,9.06,12466.4161360546,110210.0,
Samoa,WSM,2000.0,3.79,4809.23988502864,174454.0,
Samoa,WSM,2005.0,4.2,5932.87563080681,179722.0,
Samoa,WSM,2010.0,2.97,6006.38372786996,185944.0,
Samoa,WSM,2015.0,2.59,5992.43932095216,193510.0,Oceania
Samoa,WSM,2018.0,2.66,6322.2089973185,196128.0,
Sao Tome and Principe,STP,2005.0,8.72,2887.70059725196,157472.0,
Sao Tome and Principe,STP,2010.0,8.34,3357.47019269148,180372.0,
Sao Tome and Principe,STP,2015.0,7.19,3794.35859507025,199439.0,Africa
Sao Tome and Principe,STP,2018.0,5.88,3993.27879583907,211032.0,
Saudi Arabia,SAU,2000.0,0.18,41955.2077907276,20663840.0,
Saudi Arabia,SAU,2005.0,0.17,44309.5346045295,23816175.0,
Saudi Arabia,SAU,2010.0,0.17,44036.7673465341,27421468.0,
Saudi Arabia,SAU,2015.0,0.2,48921.2152517247,31717676.0,Asia
Saudi Arabia,SAU,2018.0,0.19,47592.7671473292,33702757.0,
Senegal,SEN,2000.0,0.96,2595.10928846112,9797731.0,
Senegal,SEN,2005.0,0.85,2758.35344646235,11090123.0,
Senegal,SEN,2010.0,0.6,2797.11016032924,12678143.0,
Senegal,SEN,2015.0,0.73,2966.45534736483,14578450.0,Africa
Senegal,SEN,2018.0,0.76,3309.48617330672,15854324.0,
Serbia,SRB,2010.0,11.69,14510.9633040097,8991258.0,
Serbia,SRB,2015.0,8.7,15578.2028500791,8876777.0,Europe
Serbia,SRB,2018.0,8.75,17452.7958990327,8802741.0,
Seychelles,SYC,2000.0,7.62,18931.1506329027,80998.0,
Seychelles,SYC,2005.0,6.13,18273.719660463,88652.0,
Seychelles,SYC,2010.0,10.19,20892.6917450363,91273.0,
Seychelles,SYC,2015.0,18.35,25500.4865590545,94981.0,Africa
Seychelles,SYC,2018.0,20.5,27342.1616519905,97094.0,
Sierra Leone,SLE,2000.0,5.8,1063.29719794631,4584570.0,
Sierra Leone,SLE,2005.0,5.57,1244.90141432555,5645629.0,
Sierra Leone,SLE,2010.0,5.83,1413.56373614617,6415636.0,
Sierra Leone,SLE,2015.0,5.63,1551.82309051333,7171909.0,Africa
Sierra Leone,SLE,2018.0,5.7,1663.29348036377,7650149.0,
Singapore,SGP,2000.0,2.49,56106.7320153462,4028872.0,
Singapore,SGP,2005.0,1.78,67125.564640796,4265693.0,
Singapore,SGP,2010.0,2.19,78294.0314218674,5131170.0,
Singapore,SGP,2015.0,2.07,89519.7357100565,5592143.0,Asia
Singapore,SGP,2018.0,2.03,98222.846041782,5757503.0,
Slovakia,SVK,2000.0,12.47,15660.6438507381,5399207.0,
Slovakia,SVK,2005.0,12.06,20072.3500036399,5398962.0,
Slovakia,SVK,2010.0,12.0,25417.8123610242,5404293.0,
Slovakia,SVK,2015.0,11.53,28676.2656111842,5435614.0,Europe
Slovakia,SVK,2018.0,11.14,31132.5729674338,5453017.0,
Slovenia,SVN,2000.0,12.6,26281.0684547863,1987710.0,
Slovenia,SVN,2005.0,12.3,31133.7151910898,1994979.0,
Slovenia,SVN,2010.0,11.54,33355.8476287757,2043336.0,
Slovenia,SVN,2015.0,12.74,33805.030045384,2071199.0,Europe
Slovenia,SVN,2018.0,11.9,37968.3520620285,2077835.0,
Small states,,2000.0,5.67410278020772,13014.2974917079,,
Small states,,2005.0,5.79611433605889,15499.7638334807,,
Small states,,2010.0,5.42058386704991,18739.5592513116,,
Small states,,2015.0,5.35666170412646,20526.2759121508,,
Small states,,2018.0,5.10470375858163,20544.1769652936,,
Solomon Islands,SLB,2000.0,1.2,2253.61086190761,412665.0,
Solomon Islands,SLB,2005.0,1.6,2122.96352695466,469918.0,
Solomon Islands,SLB,2010.0,1.6,2439.86232530792,527861.0,
Solomon Islands,SLB,2015.0,1.55,2518.64747830047,603133.0,Oceania
Solomon Islands,SLB,2018.0,1.83,2697.64643055486,652856.0,
Somalia,SOM,2015.0,0.013,879.276531935612,13797204.0,Africa
Somalia,SOM,2018.0,0.009,866.765302072035,15008225.0,
South Africa,ZAF,2000.0,10.02,10088.8522469794,44967713.0,
South Africa,ZAF,2005.0,9.58,11434.9152380948,47880595.0,
South Africa,ZAF,2010.0,10.04,12452.3375290857,51216967.0,
South Africa,ZAF,2015.0,9.61,12840.0354033768,55386369.0,Africa
South Africa,ZAF,2018.0,9.52,12627.9285840445,57792520.0,
South Asia,,2000.0,1.86759530347141,2607.03531054564,,
South Asia,,2005.0,1.91646307806666,3206.72121167475,,
South Asia,,2010.0,3.45392132686445,4076.36795798537,,
South Asia,,2015.0,4.34331839778631,5153.89274563627,,
South Asia,,2018.0,4.33329438122674,6072.74864524007,,
South Asia (IDA & IBRD),,2000.0,1.86759530347141,2607.03531054564,,
South Asia (IDA & IBRD),,2005.0,1.91646307806666,3206.72121167475,,
South Asia (IDA & IBRD),,2010.0,3.45392132686445,4076.36795798537,,
South Asia (IDA & IBRD),,2015.0,4.34331839778631,5153.89274563627,,
South Asia (IDA & IBRD),,2018.0,4.33329438122674,6072.74864524007,,
South Korea,KOR,2000.0,12.31,22963.638542808,47379237.0,
South Korea,KOR,2005.0,10.58,28640.7062360909,48701069.0,
South Korea,KOR,2010.0,9.97,34394.4904890551,49545638.0,
South Korea,KOR,2015.0,10.04,38828.7409976118,50823087.0,Asia
South Korea,KOR,2018.0,9.7,41948.3460057222,51171700.0,
Spain,ESP,2000.0,12.43,34757.615021513,40824745.0,
Spain,ESP,2005.0,12.83,37963.3658355296,44019118.0,
Spain,ESP,2010.0,10.03,37319.4762230353,46931011.0,
Spain,ESP,2015.0,11.32,37377.068016704,46671919.0,Europe
Spain,ESP,2018.0,12.72,40312.5475864011,46692863.0,
Sri Lanka,LKA,2000.0,2.22,5949.97002912315,18777606.0,
Sri Lanka,LKA,2005.0,2.59,6944.22676755822,19544988.0,
Sri Lanka,LKA,2010.0,3.92,9126.86561223093,20261738.0,
Sri Lanka,LKA,2015.0,4.1,11890.5165276211,20908024.0,Asia
Sri Lanka,LKA,2018.0,4.1,12860.3208303539,21228760.0,
Sub-Saharan Africa,,2000.0,6.31508650673596,2665.29340386925,,
Sub-Saharan Africa,,2005.0,6.10578681862541,3047.02632222363,,
Sub-Saharan Africa,,2010.0,6.29337352173145,3479.47019101832,,
Sub-Saharan Africa,,2015.0,5.87112630062417,3818.14015757417,,
Sub-Saharan Africa,,2018.0,5.83751043204873,3800.6145328349,,
Sub-Saharan Africa (IDA & IBRD),,2000.0,6.31508650673596,2665.29340386925,,
Sub-Saharan Africa (IDA & IBRD),,2005.0,6.10578681862541,3047.02632222363,,
Sub-Saharan Africa (IDA & IBRD),,2010.0,6.29337352173145,3479.47019101832,,
Sub-Saharan Africa (IDA & IBRD),,2015.0,5.87112630062417,3818.14015757417,,
Sub-Saharan Africa (IDA & IBRD),,2018.0,5.83751043204873,3800.6145328349,,
Sub-Saharan Africa (excluding high income),,2000.0,6.31487168729343,2663.30799320931,,
Sub-Saharan Africa (excluding high income),,2005.0,6.1057830852286,3045.36967756099,,
Sub-Saharan Africa (excluding high income),,2010.0,6.29279117014114,3477.67949387569,,
Sub-Saharan Africa (excluding high income),,2015.0,5.86952709554098,3816.11403980831,,
Sub-Saharan Africa (excluding high income),,2018.0,5.83574345736585,3798.51004883848,,
Sudan,SDN,2015.0,0.52,4187.86272224264,38902948.0,Africa
Sudan,SDN,2018.0,0.51,4344.52988671066,41801532.0,
Suriname,SUR,2000.0,5.29,13068.206154071,470944.0,
Suriname,SUR,2005.0,5.41,15908.3007840511,499461.0,
Suriname,SUR,2010.0,6.22,18840.3689668707,529126.0,
Suriname,SUR,2015.0,5.81,19317.0545070113,559136.0,South America
Suriname,SUR,2018.0,5.33,19005.6543464151,575987.0,
Sweden,SWE,2000.0,8.53,40625.3620520538,8881642.0,
Sweden,SWE,2005.0,8.64,45440.2967492535,9038627.0,
Sweden,SWE,2010.0,9.49,47791.3715245947,9390157.0,
Sweden,SWE,2015.0,9.13,50928.962975552,9764949.0,Europe
Sweden,SWE,2018.0,8.93,52349.2924275599,9971630.0,
Switzerland,CHE,2000.0,12.49,59389.4240602209,7143764.0,
Switzerland,CHE,2005.0,11.64,61613.3910520748,7386818.0,
Switzerland,CHE,2010.0,11.41,65819.7372527487,7808674.0,
Switzerland,CHE,2015.0,11.58,68025.9200383988,8296775.0,Europe
Switzerland,CHE,2018.0,11.53,70663.4875973954,8525614.0,
Tajikistan,TJK,2000.0,2.97,1324.90986011034,6216329.0,
Tajikistan,TJK,2005.0,2.51,1924.11690363046,6789318.0,
Tajikistan,TJK,2010.0,2.4,2390.02217412609,7527397.0,
Tajikistan,TJK,2015.0,3.11,2984.49491330069,8454019.0,Asia
Tajikistan,TJK,2018.0,3.28,3415.32233593608,9100847.0,
Tanzania,TZA,2000.0,8.63,1409.45396400343,33499177.0,
Tanzania,TZA,2005.0,8.71,1719.7277571198,38450323.0,
Tanzania,TZA,2010.0,9.74,2006.97132607023,44346532.0,
Tanzania,TZA,2015.0,11.05,2354.13898543629,51482638.0,Africa
Tanzania,TZA,2018.0,11.27,2590.20113826159,56313444.0,
Thailand,THA,2000.0,6.49,9809.62237014961,62952639.0,
Thailand,THA,2005.0,6.81,12304.4020760731,65416189.0,
Thailand,THA,2010.0,7.71,14399.0445142977,67195032.0,
Thailand,THA,2015.0,8.36,16285.3865749723,68714519.0,Asia
Thailand,THA,2018.0,8.3,18095.7365704368,69428454.0,
Timor,TLS,2000.0,1.53,2328.30466726771,884366.0,
Timor,TLS,2005.0,0.83,2272.4450564684,995130.0,
Timor,TLS,2010.0,0.7,2930.05449067477,1093517.0,
Timor,TLS,2015.0,2.01,3297.88916309166,1196294.0,Asia
Timor,TLS,2018.0,2.17,3051.66811727864,1267975.0,
Togo,TGO,2000.0,1.79,1700.44139725969,4924406.0,
Togo,TGO,2005.0,3.26,1573.68375172638,5611643.0,
Togo,TGO,2010.0,2.11,1625.54544570615,6421674.0,
Togo,TGO,2015.0,2.37,1920.46930701736,7323162.0,Africa
Togo,TGO,2018.0,2.46,2061.33417572853,7889095.0,
Tonga,TON,2000.0,1.7,5034.41516562787,97962.0,
Tonga,TON,2005.0,2.32,5312.37415216318,100908.0,
Tonga,TON,2010.0,1.39,5166.93205439861,103981.0,
Tonga,TON,2015.0,0.68,5944.4526863595,100780.0,Oceania
Tonga,TON,2018.0,0.8,6411.28936778647,103199.0,
Trinidad and Tobago,TTO,2000.0,5.27,16939.5254674584,1267159.0,
Trinidad and Tobago,TTO,2005.0,6.17,24424.857914511,1296497.0,
Trinidad and Tobago,TTO,2010.0,6.21,28879.2873679678,1328144.0,
Trinidad and Tobago,TTO,2015.0,6.88,29053.3347831462,1370332.0,North America
Trinidad and Tobago,TTO,2018.0,6.72,26250.3722429394,1389841.0,
Tunisia,TUN,2000.0,1.36,7329.34512574055,9708347.0,
Tunisia,TUN,2005.0,1.46,8523.08877705473,10106778.0,
Tunisia,TUN,2010.0,1.4,10113.3703487395,10635245.0,
Tunisia,TUN,2015.0,1.99,10510.3303060416,11179951.0,Africa
Tunisia,TUN,2018.0,2.12,10763.7297838206,11565203.0,
Turkey,TUR,2000.0,2.41,15433.5871175503,63240196.0,
Turkey,TUR,2005.0,2.12,18251.6691007312,67903461.0,
Turkey,TUR,2010.0,2.32,20027.6668282982,72326992.0,
Turkey,TUR,2015.0,2.12,25958.6407622392,78529413.0,Asia
Turkey,TUR,2018.0,2.05,28312.6834243604,82340090.0,
Turkmenistan,TKM,2000.0,4.82,4622.07875656117,4516128.0,
Turkmenistan,TKM,2005.0,4.88,5629.0698391954,4754652.0,
Turkmenistan,TKM,2010.0,4.82,8616.88953254413,5087211.0,
Turkmenistan,TKM,2015.0,5.3,12993.5318096291,5565283.0,Asia
Turkmenistan,TKM,2018.0,4.93,14845.3446497287,5850902.0,
Tuvalu,TUV,2000.0,1.96,3350.87938468241,9392.0,
Tuvalu,TUV,2005.0,2.03,3167.25002441682,9997.0,
Tuvalu,TUV,2010.0,1.68,3281.50217714704,10521.0,
Tuvalu,TUV,2015.0,1.98,3720.30531533443,11099.0,Oceania
Tuvalu,TUV,2018.0,1.52,3945.56367272662,11505.0,
Uganda,UGA,2000.0,13.61,1252.75213083501,23650159.0,
Uganda,UGA,2005.0,12.92,1480.0521561082,27684590.0,
Uganda,UGA,2010.0,13.5,1861.2824578388,32428164.0,
Uganda,UGA,2015.0,15.14,2054.09044873783,38225447.0,Africa
Uganda,UGA,2018.0,15.09,2121.96781993514,42729032.0,
Ukraine,UKR,2000.0,12.46,7221.46560780007,48838058.0,
Ukraine,UKR,2005.0,12.01,10957.5582756783,46890775.0,
Ukraine,UKR,2010.0,13.57,11778.3136960259,45792086.0,
Ukraine,UKR,2015.0,10.16,11237.0744571217,44921636.0,Europe
Ukraine,UKR,2018.0,8.32,12338.0024454764,44246158.0,
United Arab Emirates,ARE,2000.0,2.58,102494.714619638,3134067.0,
United Arab Emirates,ARE,2005.0,3.64,90894.8988067777,4588222.0,
United Arab Emirates,ARE,2010.0,3.15,54921.7755754851,8549998.0,
United Arab Emirates,ARE,2015.0,3.79,65218.8204340815,9262896.0,Asia
United Arab Emirates,ARE,2018.0,3.9,66968.2211775042,9630966.0,
United Kingdom,GBR,2000.0,13.73,38280.8002708435,58923305.0,
United Kingdom,GBR,2005.0,13.89,42629.9482187521,60287953.0,
United Kingdom,GBR,2010.0,12.06,42089.0136357977,63459801.0,
United Kingdom,GBR,2015.0,11.21,44840.7826443684,65860149.0,Europe
United Kingdom,GBR,2018.0,11.45,46037.9005384222,67141678.0,
United States,USA,2000.0,9.19,50124.8911771197,281710914.0,
United States,USA,2005.0,9.49,54353.0685764315,294993509.0,
United States,USA,2010.0,9.36,54315.9124805391,309011469.0,
United States,USA,2015.0,9.82,58540.2960929977,320878312.0,North America
United States,USA,2018.0,9.87,61585.7560382102,327096263.0,
Upper middle income,,2000.0,5.7819944936875,7215.47068940092,,
Upper middle income,,2005.0,5.89450622032696,9204.9575010565,,
Upper middle income,,2010.0,7.5329834071624,12232.7519036646,,
Upper middle income,,2015.0,7.17935412257323,15128.8694155229,,
Upper middle income,,2018.0,6.96359180352477,16893.6855494372,,
Uruguay,URY,2000.0,8.09,14482.7545481357,3319734.0,
Uruguay,URY,2005.0,7.46,14606.4661146239,3321799.0,
Uruguay,URY,2010.0,7.1,19293.7407978576,3359273.0,
Uruguay,URY,2015.0,6.99,22425.8300844671,3412013.0,South America
Uruguay,URY,2018.0,6.92,23035.0833880454,3449290.0,
Uzbekistan,UZB,2000.0,5.68,2786.43037415465,24769955.0,
Uzbekistan,UZB,2005.0,4.15,3405.21630793091,26427785.0,
Uzbekistan,UZB,2010.0,3.01,4651.52296182589,28515908.0,
Uzbekistan,UZB,2015.0,2.59,6086.71574219326,30929556.0,Asia
Uzbekistan,UZB,2018.0,2.59,6755.48097366685,32476232.0,
Vanuatu,VUT,2000.0,1.17,3068.09586636035,184964.0,
Vanuatu,VUT,2005.0,1.2,2835.92704585306,209282.0,
Vanuatu,VUT,2010.0,1.7,3088.97887864833,236216.0,
Vanuatu,VUT,2015.0,2.14,2915.70045998521,271128.0,Oceania
Vanuatu,VUT,2018.0,2.25,3093.46154723291,292675.0,
Vietnam,VNM,2000.0,2.21,2954.98290492635,79910411.0,
Vietnam,VNM,2005.0,2.63,3931.76536810297,83832662.0,
Vietnam,VNM,2010.0,4.9,5089.41101647328,87967655.0,
Vietnam,VNM,2015.0,7.86,6438.25985369358,92677082.0,Asia
Vietnam,VNM,2018.0,8.66,7585.94315504036,95545959.0,
World,OWID_WRL,2000.0,5.48833877584606,11079.9092406035,6143776621.0,
World,OWID_WRL,2005.0,5.42883928526903,12461.0411344146,6542205330.0,
World,OWID_WRL,2010.0,6.2837771956014,13890.5139041105,6957137521.0,
World,OWID_WRL,2015.0,6.29785904438514,15509.996466722,7380117870.0,
World,OWID_WRL,2018.0,6.18140363000971,16636.8480109565,7631091110.0,
Zambia,ZMB,2000.0,4.05,1990.85899129325,10415942.0,
Zambia,ZMB,2005.0,3.9,2362.9022262854,11856244.0,
Zambia,ZMB,2010.0,5.43,3125.52884870272,13605986.0,
Zambia,ZMB,2015.0,6.89,3443.55325404862,15879370.0,Africa
Zambia,ZMB,2018.0,6.54,3521.5420629895,17351714.0,
Zimbabwe,ZWE,2000.0,2.46,3756.13948282406,11881482.0,
Zimbabwe,ZWE,2005.0,2.77,2517.67270711744,12076697.0,
Zimbabwe,ZWE,2010.0,3.93,2458.22062578173,12697728.0,
Zimbabwe,ZWE,2015.0,4.92,3198.982128793,13814642.0,Africa
Zimbabwe,ZWE,2018.0,4.67,3341.66541766316,14438812.0,
